End X,End Y,End Z,Start X,Start Y,Start Z
-0.3115,0.3634,0.0000,-0.3360,0.3379,0.0000
-0.2923,1.0569,0.0000,-0.3384,1.0130,0.0000
-0.2923,0.3816,0.0000,-0.3115,0.3634,0.0000
-0.2691,0.4021,0.0000,-0.2923,0.3816,0.0000
-0.2462,1.1007,0.0000,-0.2923,1.0569,0.0000
-0.2455,0.4224,0.0000,-0.2691,0.4021,0.0000
-0.2225,0.4428,0.0000,-0.2455,0.4224,0.0000
-0.2001,1.1446,0.0000,-0.2462,1.1007,0.0000
-0.1996,0.4637,0.0000,-0.2225,0.4428,0.0000
-0.1813,0.5219,0.0000,-0.1809,0.5033,0.0000
-0.1809,0.5033,0.0000,-0.1790,0.4828,0.0000
-0.1792,0.5441,0.0000,-0.1813,0.5219,0.0000
-0.1770,0.4847,0.0000,-0.1996,0.4637,0.0000
-0.1739,0.5723,0.0000,-0.1792,0.5441,0.0000
-0.1715,0.5845,0.0000,-0.1739,0.5723,0.0000
-0.1675,0.6047,0.0000,-0.1715,0.5845,0.0000
-0.1635,0.6248,0.0000,-0.1675,0.6047,0.0000
-0.1595,0.6449,0.0000,-0.1635,0.6248,0.0000
-0.1553,0.6650,0.0000,-0.1595,0.6449,0.0000
-0.1544,0.5059,0.0000,-0.1770,0.4847,0.0000
-0.1540,1.1885,0.0000,-0.2001,1.1446,0.0000
-0.1511,0.6850,0.0000,-0.1553,0.6650,0.0000
-0.1454,0.7101,0.0000,-0.1511,0.6850,0.0000
-0.1420,0.7248,0.0000,-0.1454,0.7101,0.0000
-0.1395,0.5198,0.0000,-0.1544,0.5059,0.0000
-0.1370,0.7447,0.0000,-0.1420,0.7248,0.0000
-0.1319,0.7645,0.0000,-0.1370,0.7447,0.0000
-0.1264,0.7843,0.0000,-0.1319,0.7645,0.0000
-0.1208,0.8040,0.0000,-0.1264,0.7843,0.0000
-0.1149,0.8237,0.0000,-0.1208,0.8040,0.0000
-0.1093,0.5481,0.0000,-0.1395,0.5198,0.0000
-0.1089,0.8433,0.0000,-0.1149,0.8237,0.0000
-0.1079,1.2324,0.0000,-0.1540,1.1885,0.0000
-0.1026,0.8629,0.0000,-0.1089,0.8433,0.0000
-0.0961,0.8823,0.0000,-0.1026,0.8629,0.0000
-0.0912,0.8969,0.0000,-0.0961,0.8823,0.0000
-0.0866,0.5692,0.0000,-0.1093,0.5481,0.0000
-0.0826,0.9211,0.0000,-0.0912,0.8969,0.0000
-0.0756,0.9404,0.0000,-0.0826,0.9211,0.0000
-0.0683,0.9596,0.0000,-0.0756,0.9404,0.0000
-0.0640,0.5902,0.0000,-0.0866,0.5692,0.0000
-0.0619,1.2763,0.0000,-0.1079,1.2324,0.0000
-0.0609,0.9787,0.0000,-0.0683,0.9596,0.0000
-0.0532,0.9978,0.0000,-0.0609,0.9787,0.0000
-0.0453,1.0167,0.0000,-0.0532,0.9978,0.0000
-0.0413,0.6113,0.0000,-0.0640,0.5902,0.0000
-0.0371,1.0355,0.0000,-0.0453,1.0167,0.0000
-0.0288,1.0542,0.0000,-0.0371,1.0355,0.0000
-0.0201,1.0728,0.0000,-0.0288,1.0542,0.0000
-0.0187,0.6323,0.0000,-0.0413,0.6113,0.0000
-0.0158,1.3202,0.0000,-0.0619,1.2763,0.0000
-0.0098,1.0942,0.0000,-0.0201,1.0728,0.0000
-0.0021,1.1096,0.0000,-0.0098,1.0942,0.0000
0.0040,0.6534,0.0000,-0.0187,0.6323,0.0000
0.0073,1.1278,0.0000,-0.0021,1.1096,0.0000
0.0170,1.1459,0.0000,0.0073,1.1278,0.0000
0.0265,0.6746,0.0000,0.0040,0.6534,0.0000
0.0268,1.1639,0.0000,0.0170,1.1459,0.0000
0.0303,1.3640,0.0000,-0.0158,1.3202,0.0000
0.0368,1.1818,0.0000,0.0268,1.1639,0.0000
0.0470,1.1996,0.0000,0.0368,1.1818,0.0000
0.0471,0.6939,0.0000,0.0265,0.6746,0.0000
0.0572,1.2174,0.0000,0.0470,1.1996,0.0000
0.0676,1.2351,0.0000,0.0572,1.2174,0.0000
0.0715,0.7170,0.0000,0.0471,0.6939,0.0000
0.0764,1.4079,0.0000,0.0303,1.3640,0.0000
0.0780,1.2527,0.0000,0.0676,1.2351,0.0000
0.0840,1.2628,0.0000,0.0780,1.2527,0.0000
0.0939,0.7384,0.0000,0.0715,0.7170,0.0000
0.0990,1.2880,0.0000,0.0840,1.2628,0.0000
0.1095,1.3056,0.0000,0.0990,1.2880,0.0000
0.1162,0.7598,0.0000,0.0939,0.7384,0.0000
0.1200,1.3232,0.0000,0.1095,1.3056,0.0000
0.1225,1.4517,0.0000,0.0764,1.4079,0.0000
0.1306,1.3407,0.0000,0.1200,1.3232,0.0000
0.1384,0.7813,0.0000,0.1162,0.7598,0.0000
0.1411,1.3583,0.0000,0.1306,1.3407,0.0000
0.1512,-0.0024,0.0000,0.1858,0.0280,0.0000
0.1517,1.3759,0.0000,0.1411,1.3583,0.0000
0.1607,0.8028,0.0000,0.1384,0.7813,0.0000
0.1622,1.3935,0.0000,0.1517,1.3759,0.0000
0.1686,1.4956,0.0000,0.1225,1.4517,0.0000
0.1728,1.4110,0.0000,0.1622,1.3935,0.0000
0.1805,0.0524,0.0000,0.1512,-0.0024,0.0000
0.1829,0.8243,0.0000,0.1607,0.8028,0.0000
0.1858,0.0280,0.0000,0.2204,0.0584,0.0000
0.1859,1.4330,0.0000,0.1728,1.4110,0.0000
0.1938,1.4462,0.0000,0.1859,1.4330,0.0000
0.2042,1.4639,0.0000,0.1938,1.4462,0.0000
0.2051,0.8459,0.0000,0.1829,0.8243,0.0000
0.2098,0.1073,0.0000,0.1805,0.0524,0.0000
0.2147,1.5394,0.0000,0.1686,1.4956,0.0000
0.2162,1.4851,0.0000,0.2042,1.4639,0.0000
0.2204,0.0584,0.0000,0.2550,0.0888,0.0000
0.2242,1.4997,0.0000,0.2162,1.4851,0.0000
0.2272,0.8674,0.0000,0.2051,0.8459,0.0000
0.2336,1.5179,0.0000,0.2242,1.4997,0.0000
0.2391,0.1621,0.0000,0.2098,0.1073,0.0000
0.2429,1.5362,0.0000,0.2336,1.5179,0.0000
0.2519,1.5546,0.0000,0.2429,1.5362,0.0000
0.2550,0.0888,0.0000,0.2896,0.1192,0.0000
0.2596,0.8988,0.0000,0.2272,0.8674,0.0000
0.2608,1.5731,0.0000,0.2519,1.5546,0.0000
0.2608,1.5832,0.0000,0.2147,1.5394,0.0000
0.2684,0.2169,0.0000,0.2391,0.1621,0.0000
0.2696,1.5916,0.0000,0.2608,1.5731,0.0000
0.2716,0.9105,0.0000,0.2596,0.8988,0.0000
0.2896,0.1192,0.0000,0.3241,0.1496,0.0000
0.2938,0.9320,0.0000,0.2716,0.9105,0.0000
0.2978,0.2718,0.0000,0.2684,0.2169,0.0000
0.3069,1.6271,0.0000,0.2608,1.5832,0.0000
0.3160,0.9535,0.0000,0.2938,0.9320,0.0000
0.3241,0.1496,0.0000,0.3587,0.1800,0.0000
0.3271,0.3266,0.0000,0.2978,0.2718,0.0000
0.3383,0.9750,0.0000,0.3160,0.9535,0.0000
0.3428,0.3559,0.0000,0.3271,0.3266,0.0000
0.3531,1.6709,0.0000,0.3069,1.6271,0.0000
0.3587,0.1800,0.0000,0.3933,0.2103,0.0000
0.3605,0.9965,0.0000,0.3383,0.9750,0.0000
0.3828,1.0180,0.0000,0.3605,0.9965,0.0000
0.3857,0.4362,0.0000,0.3428,0.3559,0.0000
0.3933,0.2103,0.0000,0.4280,0.2407,0.0000
0.3992,1.7146,0.0000,0.3531,1.6709,0.0000
0.4051,1.0394,0.0000,0.3828,1.0180,0.0000
0.4150,0.4911,0.0000,0.3857,0.4362,0.0000
0.4274,1.0609,0.0000,0.4051,1.0394,0.0000
0.4280,0.2407,0.0000,0.4626,0.2711,0.0000
0.4443,0.5459,0.0000,0.4150,0.4911,0.0000
0.4453,1.7584,0.0000,0.3992,1.7146,0.0000
0.4497,1.0823,0.0000,0.4274,1.0609,0.0000
0.4626,0.2711,0.0000,0.4972,0.3014,0.0000
0.4735,0.6008,0.0000,0.4443,0.5459,0.0000
0.4782,1.1097,0.0000,0.4497,1.0823,0.0000
0.4914,1.8022,0.0000,0.4453,1.7584,0.0000
0.4943,1.1251,0.0000,0.4782,1.1097,0.0000
0.4972,0.3014,0.0000,0.5318,0.3317,0.0000
0.5026,0.6558,0.0000,0.4735,0.6008,0.0000
0.5166,1.1465,0.0000,0.4943,1.1251,0.0000
0.5317,0.7107,0.0000,0.5026,0.6558,0.0000
0.5318,0.3317,0.0000,0.5665,0.3621,0.0000
0.5375,1.8459,0.0000,0.4914,1.8022,0.0000
0.5390,1.1679,0.0000,0.5166,1.1465,0.0000
0.5594,0.7634,0.0000,0.5317,0.7107,0.0000
0.5613,1.1892,0.0000,0.5390,1.1679,0.0000
0.5665,0.3621,0.0000,0.6012,0.3924,0.0000
0.5837,1.2105,0.0000,0.5613,1.1892,0.0000
0.5894,0.8209,0.0000,0.5594,0.7634,0.0000
0.5960,1.9013,0.0000,0.5375,1.8459,0.0000
0.6012,0.3924,0.0000,0.6358,0.4227,0.0000
0.6062,1.2317,0.0000,0.5837,1.2105,0.0000
0.6181,0.8760,0.0000,0.5894,0.8209,0.0000
0.6287,1.2529,0.0000,0.6062,1.2317,0.0000
0.6298,1.9334,0.0000,0.5960,1.9013,0.0000
0.6358,0.4227,0.0000,0.6705,0.4529,0.0000
0.6467,0.9312,0.0000,0.6181,0.8760,0.0000
0.6513,1.2741,0.0000,0.6287,1.2529,0.0000
0.6705,0.4529,0.0000,0.6910,0.4707,0.0000
0.6739,1.2952,0.0000,0.6513,1.2741,0.0000
0.6752,0.9865,0.0000,0.6467,0.9312,0.0000
0.6759,1.9771,0.0000,0.6298,1.9334,0.0000
0.6910,0.4707,0.0000,0.7400,0.5134,0.0000
0.6966,1.3162,0.0000,0.6739,1.2952,0.0000
0.7036,1.0418,0.0000,0.6752,0.9865,0.0000
0.7193,1.3372,0.0000,0.6966,1.3162,0.0000
0.7221,2.0207,0.0000,0.6759,1.9771,0.0000
0.7320,1.0971,0.0000,0.7036,1.0418,0.0000
0.7400,0.5134,0.0000,0.7747,0.5436,0.0000
0.7422,1.3580,0.0000,0.7193,1.3372,0.0000
0.7604,1.1524,0.0000,0.7320,1.0971,0.0000
0.7636,1.3774,0.0000,0.7422,1.3580,0.0000
0.7682,2.0644,0.0000,0.7221,2.0207,0.0000
0.7747,0.5436,0.0000,0.8095,0.5738,0.0000
0.7882,1.3995,0.0000,0.7636,1.3774,0.0000
0.7887,1.2078,0.0000,0.7604,1.1524,0.0000
0.8095,0.5738,0.0000,0.8442,0.6040,0.0000
0.8113,1.4202,0.0000,0.7882,1.3995,0.0000
0.8143,2.1081,0.0000,0.7682,2.0644,0.0000
0.8271,1.2827,0.0000,0.7887,1.2078,0.0000
0.8343,1.4409,0.0000,0.8113,1.4202,0.0000
0.8442,0.6040,0.0000,0.8790,0.6342,0.0000
0.8454,1.3184,0.0000,0.8271,1.2827,0.0000
0.8571,1.4618,0.0000,0.8343,1.4409,0.0000
0.8605,2.1518,0.0000,0.8143,2.1081,0.0000
0.8738,1.3738,0.0000,0.8454,1.3184,0.0000
0.8790,0.6342,0.0000,0.9138,0.6644,0.0000
0.8798,1.4828,0.0000,0.8571,1.4618,0.0000
0.9021,1.5042,0.0000,0.8798,1.4828,0.0000
0.9022,1.4291,0.0000,0.8738,1.3738,0.0000
0.9066,2.1955,0.0000,0.8605,2.1518,0.0000
0.9138,0.6644,0.0000,0.9486,0.6945,0.0000
0.9241,1.5259,0.0000,0.9021,1.5042,0.0000
0.9307,1.4843,0.0000,0.9022,1.4291,0.0000
0.9457,1.5481,0.0000,0.9241,1.5259,0.0000
0.9486,0.6945,0.0000,0.9834,0.7247,0.0000
0.9527,2.2393,0.0000,0.9066,2.1955,0.0000
0.9592,1.5396,0.0000,0.9307,1.4843,0.0000
0.9629,1.5666,0.0000,0.9457,1.5481,0.0000
0.9834,0.7247,0.0000,1.0182,0.7549,0.0000
0.9873,1.5938,0.0000,0.9629,1.5666,0.0000
0.9878,1.5948,0.0000,0.9592,1.5396,0.0000
0.9978,1.6142,0.0000,1.0160,1.6282,0.0000
0.9988,2.2830,0.0000,0.9527,2.2393,0.0000
1.0160,1.6282,0.0000,1.0340,1.6425,0.0000
1.0164,1.6500,0.0000,0.9878,1.5948,0.0000
1.0182,0.7549,0.0000,1.0530,0.7850,0.0000
1.0340,1.6425,0.0000,1.0491,1.6549,0.0000
1.0448,2.3268,0.0000,0.9988,2.2830,0.0000
1.0452,1.7051,0.0000,1.0164,1.6500,0.0000
1.0491,1.6549,0.0000,1.0689,1.6724,0.0000
1.0530,0.7850,0.0000,1.0729,0.8023,0.0000
1.0689,1.6724,0.0000,1.0857,1.6880,0.0000
1.0729,0.8023,0.0000,1.1225,0.8454,0.0000
1.0748,1.7618,0.0000,1.0452,1.7051,0.0000
1.0857,1.6880,0.0000,1.1022,1.7040,0.0000
1.0909,2.3707,0.0000,1.0448,2.3268,0.0000
1.0990,1.8078,0.0000,1.1170,1.8249,0.0000
1.1022,1.7040,0.0000,1.1185,1.7202,0.0000
1.1029,1.8153,0.0000,1.0748,1.7618,0.0000
1.1170,1.8249,0.0000,1.1350,1.8420,0.0000
1.1185,1.7202,0.0000,1.1347,1.7365,0.0000
1.1225,0.8454,0.0000,1.1573,0.8756,0.0000
1.1319,1.8703,0.0000,1.1029,1.8153,0.0000
1.1347,1.7365,0.0000,1.1509,1.7529,0.0000
1.1350,1.8420,0.0000,1.1531,1.8589,0.0000
1.1369,2.4146,0.0000,1.0909,2.3707,0.0000
1.1509,1.7529,0.0000,1.1718,1.7737,0.0000
1.1531,1.8589,0.0000,1.1714,1.8757,0.0000
1.1573,0.8756,0.0000,1.1920,0.9058,0.0000
1.1609,1.9253,0.0000,1.1319,1.8703,0.0000
1.1714,1.8757,0.0000,1.1827,1.8860,0.0000
1.1718,1.7737,0.0000,1.1836,1.7852,0.0000
1.1827,1.8860,0.0000,1.2085,1.9087,0.0000
1.1829,2.4585,0.0000,1.1369,2.4146,0.0000
1.1836,1.7852,0.0000,1.2002,1.8010,0.0000
1.1898,1.9803,0.0000,1.1609,1.9253,0.0000
1.1920,0.9058,0.0000,1.2267,0.9361,0.0000
1.2002,1.8010,0.0000,1.2170,1.8168,0.0000
1.2085,1.9087,0.0000,1.2273,1.9250,0.0000
1.2170,1.8168,0.0000,1.2338,1.8324,0.0000
1.2186,2.0354,0.0000,1.1898,1.9803,0.0000
1.2267,0.9361,0.0000,1.2613,0.9665,0.0000
1.2273,1.9250,0.0000,1.2460,1.9413,0.0000
1.2289,2.5025,0.0000,1.1829,2.4585,0.0000
1.2338,1.8324,0.0000,1.2506,1.8480,0.0000
1.2460,1.9413,0.0000,1.2645,1.9578,0.0000
1.2506,1.8480,0.0000,1.2642,1.8607,0.0000
1.2513,2.0983,0.0000,1.2186,2.0354,0.0000
1.2613,0.9665,0.0000,1.2958,0.9970,0.0000
1.2642,1.8607,0.0000,1.2841,1.8795,0.0000
1.2645,1.9578,0.0000,1.2829,1.9745,0.0000
1.2748,2.5465,0.0000,1.2289,2.5025,0.0000
1.2758,2.1458,0.0000,1.2513,2.0983,0.0000
1.2829,1.9745,0.0000,1.2966,1.9874,0.0000
1.2841,1.8795,0.0000,1.3008,1.8953,0.0000
1.2958,0.9970,0.0000,1.3302,1.0276,0.0000
1.2966,1.9874,0.0000,1.3186,2.0090,0.0000
1.3008,1.8953,0.0000,1.3174,1.9112,0.0000
1.3042,2.2011,0.0000,1.2758,2.1458,0.0000
1.3174,1.9112,0.0000,1.3339,1.9272,0.0000
1.3186,2.0090,0.0000,1.3360,2.0266,0.0000
1.3207,2.5906,0.0000,1.2748,2.5465,0.0000
1.3302,1.0276,0.0000,1.3644,1.0584,0.0000
1.3326,2.2565,0.0000,1.3042,2.2011,0.0000
1.3339,1.9272,0.0000,1.3565,1.9490,0.0000
1.3360,2.0266,0.0000,1.3535,2.0443,0.0000
1.3535,2.0443,0.0000,1.3746,2.0654,0.0000
1.3565,1.9490,0.0000,1.3669,1.9591,0.0000
1.3610,2.3118,0.0000,1.3326,2.2565,0.0000
1.3644,1.0584,0.0000,1.4055,1.0956,0.0000
1.3666,2.6348,0.0000,1.3207,2.5906,0.0000
1.3669,1.9591,0.0000,1.3834,1.9751,0.0000
1.3746,2.0654,0.0000,1.3889,2.0791,0.0000
1.3834,1.9751,0.0000,1.4000,1.9911,0.0000
1.3889,2.0791,0.0000,1.4070,2.0960,0.0000
1.3895,2.3670,0.0000,1.3610,2.3118,0.0000
1.4000,1.9911,0.0000,1.4165,2.0070,0.0000
1.4055,1.0956,0.0000,1.4326,1.1203,0.0000
1.4070,2.0960,0.0000,1.4253,2.1128,0.0000
1.4124,2.6791,0.0000,1.3666,2.6348,0.0000
1.4165,2.0070,0.0000,1.4331,2.0229,0.0000
1.4182,2.4222,0.0000,1.3895,2.3670,0.0000
1.4253,2.1128,0.0000,1.4437,2.1294,0.0000
1.4326,1.1203,0.0000,1.4666,1.1513,0.0000
1.4331,2.0229,0.0000,1.4497,2.0388,0.0000
1.4437,2.1294,0.0000,1.4621,2.1461,0.0000
1.4473,2.4771,0.0000,1.4182,2.4222,0.0000
1.4497,2.0388,0.0000,1.4664,2.0546,0.0000
1.4582,2.7234,0.0000,1.4124,2.6791,0.0000
1.4621,2.1461,0.0000,1.4861,2.1681,0.0000
1.4664,2.0546,0.0000,1.4831,2.0703,0.0000
1.4666,1.1513,0.0000,1.5008,1.1821,0.0000
1.4767,2.5319,0.0000,1.4473,2.4771,0.0000
1.4831,2.0703,0.0000,1.4980,2.0843,0.0000
1.4861,2.1681,0.0000,1.4986,2.1798,0.0000
1.4936,2.5629,0.0000,1.4767,2.5319,0.0000
1.4980,2.0843,0.0000,1.5168,2.1016,0.0000
1.4986,2.1798,0.0000,1.5166,2.1969,0.0000
1.5008,1.1821,0.0000,1.5355,1.2124,0.0000
1.5040,2.7679,0.0000,1.4582,2.7234,0.0000
1.5166,2.1969,0.0000,1.5345,2.2141,0.0000
1.5168,2.1016,0.0000,1.5338,2.1170,0.0000
1.5338,2.1170,0.0000,1.5509,2.1324,0.0000
1.5345,2.2141,0.0000,1.5526,2.2311,0.0000
1.5355,1.2124,0.0000,1.5773,1.2470,0.0000
1.5365,2.6404,0.0000,1.5544,2.6528,0.0000
1.5368,2.6408,0.0000,1.4936,2.5629,0.0000
1.5409,2.8038,0.0000,1.5040,2.7679,0.0000
1.5509,2.1324,0.0000,1.5682,2.1476,0.0000
1.5526,2.2311,0.0000,1.5708,2.2479,0.0000
1.5544,2.6528,0.0000,1.5723,2.6653,0.0000
1.5669,2.6953,0.0000,1.5368,2.6408,0.0000
1.5682,2.1476,0.0000,1.5856,2.1626,0.0000
1.5708,2.2479,0.0000,1.5926,2.2671,0.0000
1.5723,2.6653,0.0000,1.5897,2.6776,0.0000
1.5773,1.2470,0.0000,1.6073,1.2704,0.0000
1.5856,2.1626,0.0000,1.6062,2.1799,0.0000
1.5897,2.6776,0.0000,1.6077,2.6906,0.0000
1.5926,2.2671,0.0000,1.6084,2.2804,0.0000
1.5961,2.8561,0.0000,1.5409,2.8038,0.0000
1.5964,2.7500,0.0000,1.5669,2.6953,0.0000
1.6062,2.1799,0.0000,1.6209,2.1920,0.0000
1.6073,1.2704,0.0000,1.6445,1.2977,0.0000
1.6077,2.6906,0.0000,1.6253,2.7034,0.0000
1.6084,2.2804,0.0000,1.6277,2.2959,0.0000
1.6209,2.1920,0.0000,1.6388,2.2064,0.0000
1.6250,2.8052,0.0000,1.5964,2.7500,0.0000
1.6253,2.7034,0.0000,1.6430,2.7162,0.0000
1.6277,2.2959,0.0000,1.6475,2.3109,0.0000
1.6300,2.8843,0.0000,1.5961,2.8561,0.0000
1.6388,2.2064,0.0000,1.6570,2.2204,0.0000
1.6398,2.8351,0.0000,1.6250,2.8052,0.0000
1.6430,2.7162,0.0000,1.6607,2.7289,0.0000
1.6445,1.2977,0.0000,1.6828,1.3234,0.0000
1.6475,2.3109,0.0000,1.6676,2.3256,0.0000
1.6570,2.2204,0.0000,1.6754,2.2342,0.0000
1.6607,2.7289,0.0000,1.6785,2.7414,0.0000
1.6676,2.3256,0.0000,1.6880,2.3397,0.0000
1.6754,2.2342,0.0000,1.6941,2.2476,0.0000
1.6782,2.9176,0.0000,1.6398,2.8351,0.0000
1.6785,2.7414,0.0000,1.6965,2.7535,0.0000
1.6828,1.3234,0.0000,1.7222,1.3475,0.0000
1.6880,2.3397,0.0000,1.7087,2.3535,0.0000
1.6941,2.2476,0.0000,1.7164,2.2628,0.0000
1.6965,2.7535,0.0000,1.7168,2.7666,0.0000
1.6991,2.9302,0.0000,1.6300,2.8843,0.0000
1.7087,2.3535,0.0000,1.7297,2.3669,0.0000
1.7164,2.2628,0.0000,1.7324,2.2731,0.0000
1.7168,2.7666,0.0000,1.7334,2.7767,0.0000
1.7222,1.3475,0.0000,1.7762,1.3764,0.0000
1.7297,2.3669,0.0000,1.7515,2.3803,0.0000
1.7324,2.2731,0.0000,1.7519,2.2852,0.0000
1.7334,2.7767,0.0000,1.7522,2.7875,0.0000
1.7515,2.3803,0.0000,1.7723,2.3925,0.0000
1.7519,2.2852,0.0000,1.7718,2.2968,0.0000
1.7522,2.7875,0.0000,1.7713,2.7979,0.0000
1.7604,2.9632,0.0000,1.6991,2.9302,0.0000
1.7713,2.7979,0.0000,1.7907,2.8079,0.0000
1.7718,2.2968,0.0000,1.7919,2.3080,0.0000
1.7723,2.3925,0.0000,1.7940,2.4047,0.0000
1.7762,1.3764,0.0000,1.8041,1.3894,0.0000
1.7907,2.8079,0.0000,1.8102,2.8176,0.0000
1.7919,2.3080,0.0000,1.8123,2.3187,0.0000
1.7940,2.4047,0.0000,1.8159,2.4165,0.0000
1.8041,1.3894,0.0000,1.8467,1.4071,0.0000
1.8102,2.8176,0.0000,1.8299,2.8269,0.0000
1.8123,2.3187,0.0000,1.8329,2.3289,0.0000
1.8124,2.9888,0.0000,1.7604,2.9632,0.0000
1.8159,2.4165,0.0000,1.8380,2.4276,0.0000
1.8299,2.8269,0.0000,1.8498,2.8359,0.0000
1.8329,2.3289,0.0000,1.8537,2.3387,0.0000
1.8380,2.4276,0.0000,1.8642,2.4397,0.0000
1.8467,1.4071,0.0000,1.8901,1.4226,0.0000
1.8498,2.8359,0.0000,1.8598,2.8403,0.0000
1.8537,2.3387,0.0000,1.8712,2.3464,0.0000
1.8598,2.8403,0.0000,1.8899,2.8532,0.0000
1.8642,2.4397,0.0000,1.8833,2.4478,0.0000
1.8712,2.3464,0.0000,1.8960,2.3566,0.0000
1.8809,3.0202,0.0000,1.8124,2.9888,0.0000
1.8833,2.4478,0.0000,1.9064,2.4568,0.0000
1.8899,2.8532,0.0000,1.9101,2.8613,0.0000
1.8901,1.4226,0.0000,1.9122,1.4296,0.0000
1.8960,2.3566,0.0000,1.9175,2.3649,0.0000
1.9064,2.4568,0.0000,1.9298,2.4652,0.0000
1.9101,2.8613,0.0000,1.9305,2.8690,0.0000
1.9122,1.4296,0.0000,1.9790,1.4475,0.0000
1.9175,2.3649,0.0000,1.9391,2.3727,0.0000
1.9298,2.4652,0.0000,1.9534,2.4729,0.0000
1.9305,2.8690,0.0000,1.9510,2.8762,0.0000
1.9391,2.3727,0.0000,1.9608,2.3802,0.0000
1.9460,3.0477,0.0000,1.8809,3.0202,0.0000
1.9510,2.8762,0.0000,1.9717,2.8829,0.0000
1.9534,2.4729,0.0000,1.9773,2.4801,0.0000
1.9608,2.3802,0.0000,1.9827,2.3872,0.0000
1.9717,2.8829,0.0000,1.9899,2.8883,0.0000
1.9773,2.4801,0.0000,2.0013,2.4867,0.0000
1.9790,1.4475,0.0000,2.0243,1.4564,0.0000
1.9827,2.3872,0.0000,2.0050,2.3940,0.0000
1.9881,3.0630,0.0000,1.9460,3.0477,0.0000
1.9899,2.8883,0.0000,2.0137,2.8944,0.0000
2.0013,2.4867,0.0000,2.0254,2.4928,0.0000
2.0050,2.3940,0.0000,2.0268,2.4004,0.0000
2.0137,2.8944,0.0000,2.0349,2.8992,0.0000
2.0243,1.4564,0.0000,2.0735,1.4626,0.0000
2.0254,2.4928,0.0000,2.0497,2.4984,0.0000
2.0268,2.4004,0.0000,2.0490,2.4065,0.0000
2.0349,2.8992,0.0000,2.0563,2.9034,0.0000
2.0490,2.4065,0.0000,2.0714,2.4122,0.0000
2.0492,3.0811,0.0000,1.9881,3.0630,0.0000
2.0497,2.4984,0.0000,2.0697,2.5028,0.0000
2.0563,2.9034,0.0000,2.0778,2.9071,0.0000
2.0697,2.5028,0.0000,2.0984,2.5085,0.0000
2.0714,2.4122,0.0000,2.0938,2.4174,0.0000
2.0735,1.4626,0.0000,2.1158,1.4649,0.0000
2.0778,2.9071,0.0000,2.0994,2.9103,0.0000
2.0918,3.0905,0.0000,2.0492,3.0811,0.0000
2.0938,2.4174,0.0000,2.1163,2.4221,0.0000
2.0984,2.5085,0.0000,2.1229,2.5130,0.0000
2.0994,2.9103,0.0000,2.1210,2.9131,0.0000
2.1158,1.4649,0.0000,2.1619,1.4652,0.0000
2.1163,2.4221,0.0000,2.1389,2.4261,0.0000
2.1210,2.9131,0.0000,2.1534,2.9165,0.0000
2.1229,2.5130,0.0000,2.1474,2.5169,0.0000
2.1389,2.4261,0.0000,2.1656,2.4301,0.0000
2.1474,2.5169,0.0000,2.1719,2.5204,0.0000
2.1534,2.9165,0.0000,2.1644,2.9175,0.0000
2.1619,1.4652,0.0000,2.2277,1.4640,0.0000
2.1644,2.9175,0.0000,2.1861,2.9192,0.0000
2.1656,2.4301,0.0000,2.1844,2.4322,0.0000
2.1719,2.5204,0.0000,2.2022,2.5238,0.0000
2.1746,3.1013,0.0000,2.0918,3.0905,0.0000
2.1835,-0.0002,0.0000,2.1805,3.3973,0.0000
2.1844,2.4322,0.0000,2.2073,2.4343,0.0000
2.1861,2.9192,0.0000,2.2079,2.9206,0.0000
2.2022,2.5238,0.0000,2.2212,2.5255,0.0000
2.2073,2.4343,0.0000,2.2302,2.4358,0.0000
2.2079,2.9206,0.0000,2.2296,2.9218,0.0000
2.2212,2.5255,0.0000,2.2460,2.5273,0.0000
2.2277,1.4640,0.0000,2.2541,1.4635,0.0000
2.2296,2.9218,0.0000,2.2513,2.9226,0.0000
2.2302,2.4358,0.0000,2.2532,2.4368,0.0000
2.2460,2.5273,0.0000,2.2707,2.5285,0.0000
2.2513,2.9226,0.0000,2.2681,2.9231,0.0000
2.2532,2.4368,0.0000,2.2762,2.4375,0.0000
2.2541,1.4635,0.0000,2.3002,1.4631,0.0000
2.2599,3.1059,0.0000,2.1746,3.1013,0.0000
2.2681,2.9231,0.0000,2.2948,2.9236,0.0000
2.2707,2.5285,0.0000,2.2956,2.5294,0.0000
2.2762,2.4375,0.0000,2.2947,2.4379,0.0000
2.2947,2.4379,0.0000,2.3222,2.4382,0.0000
2.2948,2.9236,0.0000,2.3166,2.9237,0.0000
2.2956,2.5294,0.0000,2.3204,2.5299,0.0000
2.3002,1.4631,0.0000,2.3462,1.4631,0.0000
2.3020,3.1072,0.0000,2.2599,3.1059,0.0000
2.3166,2.9237,0.0000,2.3384,2.9237,0.0000
2.3204,2.5299,0.0000,2.3452,2.5301,0.0000
2.3222,2.4382,0.0000,2.3452,2.4384,0.0000
2.3384,2.9237,0.0000,2.3601,2.9235,0.0000
2.3452,2.4384,0.0000,2.3681,2.4384,0.0000
2.3452,2.5301,0.0000,2.3701,2.5302,0.0000
2.3462,1.4631,0.0000,2.4023,1.4633,0.0000
2.3601,2.9235,0.0000,2.3819,2.9233,0.0000
2.3657,3.1083,0.0000,2.3020,3.1072,0.0000
2.3681,2.4384,0.0000,2.3911,2.4383,0.0000
2.3701,2.5302,0.0000,2.3950,2.5301,0.0000
2.3819,2.9233,0.0000,2.4037,2.9231,0.0000
2.3911,2.4383,0.0000,2.4141,2.4382,0.0000
2.3950,2.5301,0.0000,2.4214,2.5300,0.0000
2.4023,1.4633,0.0000,2.4383,1.4635,0.0000
2.4037,2.9231,0.0000,2.4255,2.9228,0.0000
2.4141,2.4382,0.0000,2.4370,2.4381,0.0000
2.4214,2.5300,0.0000,2.4447,2.5299,0.0000
2.4255,2.9228,0.0000,2.4495,2.9226,0.0000
2.4293,3.1088,0.0000,2.3657,3.1083,0.0000
2.4370,2.4381,0.0000,2.4600,2.4380,0.0000
2.4383,1.4635,0.0000,2.4843,1.4637,0.0000
2.4447,2.5299,0.0000,2.4695,2.5299,0.0000
2.4495,2.9226,0.0000,2.4690,2.9226,0.0000
2.4600,2.4380,0.0000,2.4717,2.4379,0.0000
2.4690,2.9226,0.0000,2.4908,2.9225,0.0000
2.4695,2.5299,0.0000,2.4943,2.5298,0.0000
2.4717,2.4379,0.0000,2.5059,2.4378,0.0000
2.4843,1.4637,0.0000,2.5303,1.4640,0.0000
2.4908,2.9225,0.0000,2.5125,2.9226,0.0000
2.4929,3.1087,0.0000,2.4293,3.1088,0.0000
2.4943,2.5298,0.0000,2.5192,2.5298,0.0000
2.5059,2.4378,0.0000,2.5289,2.4378,0.0000
2.5125,2.9226,0.0000,2.5343,2.9227,0.0000
2.5192,2.5298,0.0000,2.5440,2.5298,0.0000
2.5289,2.4378,0.0000,2.5519,2.4378,0.0000
2.5303,1.4640,0.0000,2.5764,1.4643,0.0000
2.5343,2.9227,0.0000,2.5561,2.9229,0.0000
2.5440,2.5298,0.0000,2.5688,2.5297,0.0000
2.5519,2.4378,0.0000,2.5749,2.4378,0.0000
2.5561,2.9229,0.0000,2.5778,2.9231,0.0000
2.5564,3.1083,0.0000,2.4929,3.1087,0.0000
2.5688,2.5297,0.0000,2.5936,2.5297,0.0000
2.5749,2.4378,0.0000,2.5979,2.4378,0.0000
2.5764,1.4643,0.0000,2.6224,1.4647,0.0000
2.5778,2.9231,0.0000,2.5996,2.9233,0.0000
2.5936,2.5297,0.0000,2.6184,2.5298,0.0000
2.5979,2.4378,0.0000,2.6208,2.4379,0.0000
2.5996,2.9233,0.0000,2.6214,2.9236,0.0000
2.6200,3.1076,0.0000,2.5564,3.1083,0.0000
